{
  "tls13": {
    "handshake_time": 0.0022759437561035156,
    "avg_latency": 8.906364440917969e-05,
    "min_latency": 7.510185241699219e-05,
    "max_latency": 0.00017118453979492188,
    "throughput": 11125.474801061007,
    "cpu_usage": -0.2,
    "memory_usage": 0.015625
  }
}